name,team,reason
George Hemmings,Aston Villa,no transfer value
Ryan McAidoo,Man City,no transfer value
Tyler Fletcher,Man United,no transfer value
Shea Lacey,Man United,no transfer value
Lewis Hall,Newcastle,implausible age
Leo Shahar,Newcastle,no transfer value
Anis Mehmeti,Ipswich Town,no transfer value
Illan Meslier,Arsenal,unmatched name
Ezri Konsa,Arsenal,unmatched name
Bruno Guimarães,Arsenal,unmatched name
Christos Tzolis,Arsenal,unmatched name
Zion Suzuki,Aston Villa,unmatched name
Aaron Wan-Bissaka,Aston Villa,unmatched name
Taylor Harwood-Bellis,Aston Villa,unmatched name
Matteo Ruggeri,Aston Villa,unmatched name
Modou Keba Cisse,Aston Villa,unmatched name
Leon Goretzka,Aston Villa,unmatched name
João Gomes,Aston Villa,unmatched name
Johan Manzambi,Aston Villa,unmatched name
Leon Bailey,Aston Villa,unmatched name
Tammy Abraham,Aston Villa,unmatched name
Nicolas Jackson,Aston Villa,unmatched name
Alejandro Garnacho,Aston Villa,unmatched name
Ibrahim M'Baye,Aston Villa,unmatched name
Brian Madjo,Aston Villa,unmatched name
Emiliano Martínez,Chelsea,unmatched name
Mike Penders,Chelsea,unmatched name
Maxence Lacroix,Chelsea,unmatched name
Pep Chavarría,Chelsea,unmatched name
Marco Palestra,Chelsea,unmatched name
Aaron Anselmino,Chelsea,unmatched name
Jordan Henderson,Chelsea,unmatched name
Morgan Rogers,Chelsea,unmatched name
Valentin Barco,Chelsea,unmatched name
Ray Paez,Chelsea,unmatched name
Danny Welbeck,Chelsea,unmatched name
Emanuel Emegha,Chelsea,unmatched name
Geovany Quenda,Chelsea,unmatched name
Ainsley Maitland-Niles,Everton,unmatched name
Christian Nørgaard,Everton,unmatched name
Hayden Hackney,Everton,unmatched name
Brennan Johnson,Everton,unmatched name
Tyrique George,Everton,unmatched name
Alex Borto,Fulham,unmatched name
David Affengruber,Fulham,unmatched name
Luc De Fougerolles,Fulham,unmatched name
Hugo Larsson,Fulham,unmatched name
Shea Charles,Fulham,unmatched name
César Palacios,Fulham,unmatched name
Manuel Angel,Fulham,unmatched name
Kevin Santos,Fulham,unmatched name
Oscar Bobb,Fulham,unmatched name
Gonzalo García,Fulham,unmatched name
Vítězslav Jaroš,Liverpool,unmatched name
Kostas Tsimikas,Liverpool,unmatched name
Ronald Araújo,Liverpool,unmatched name
Jeremy Jacquet,Liverpool,unmatched name
Bradley Barcola,Liverpool,unmatched name
Víctor Muñoz,Liverpool,unmatched name
Géronimo Rulli,Man City,unmatched name
Josh Wilson-Esbrand,Man City,unmatched name
Vitor Reis,Man City,unmatched name
Enzo Fernández,Man City,unmatched name
Elliot Anderson,Man City,unmatched name
Claudio Echeverri,Man City,unmatched name
Ayyoub Bouaddi,Man City,unmatched name
Iliman Ndiaye,Man City,unmatched name
Allan,Man City,unmatched name
Jeremy Monga,Man City,unmatched name
Karl Darlow,Man United,unmatched name
Senne Lammens,Man United,unmatched name
Dermot Mee,Man United,unmatched name
Harry Amass,Man United,unmatched name
Youri Tielemans,Man United,unmatched name
Andrey Santos,Man United,unmatched name
Carlos Baleba,Man United,unmatched name
Marcus Rashford,Man United,unmatched name
Lukáš Horníček,Newcastle,unmatched name
Ewen Jaouen,Newcastle,unmatched name
Amar Dedić,Newcastle,unmatched name
Nico Gonzalez,Newcastle,unmatched name
Sean Steur,Newcastle,unmatched name
Aladji Bamba,Newcastle,unmatched name
Matias Fernandez-Pardo,Newcastle,unmatched name
Bazoumana Touré,Newcastle,unmatched name
Thomas Meunier,Sunderland,unmatched name
Kevin Danso,Sunderland,unmatched name
Aji Alese,Sunderland,unmatched name
Dayann Methalie,Sunderland,unmatched name
Alan Browne,Sunderland,unmatched name
Jules Ahoka,Sunderland,unmatched name
Malick Fofana,Sunderland,unmatched name
Nilson Angulo,Sunderland,unmatched name
Juan Angulo,Sunderland,unmatched name
Martin Dúbravka,Tottenham,unmatched name
Andrew Robertson,Tottenham,unmatched name
Tosin Adarabioyo,Tottenham,unmatched name
Marcos Senesi,Tottenham,unmatched name
Jan Paul van Hecke,Tottenham,unmatched name
Sandro Tonali,Tottenham,unmatched name
Xavi Simons,Tottenham,unmatched name
Mateus Fernandes,Tottenham,unmatched name
Omar Marmoush,Tottenham,unmatched name
Mykhailo Mudryk,Tottenham,unmatched name
Sávio,Tottenham,unmatched name
Jack Butland,Hull City,unmatched name
Dillon Phillips,Hull City,unmatched name
Konstantinos Tzolakis,Hull City,unmatched name
Matt Targett,Hull City,unmatched name
Lewie Coyle,Hull City,unmatched name
Ryan John Giles,Hull City,unmatched name
Matty Jacob,Hull City,unmatched name
Brooke Norton-Cuffy,Hull City,unmatched name
Charlie Hughes,Hull City,unmatched name
Nobel Mendy,Hull City,unmatched name
Lucas Herrington,Hull City,unmatched name
Regan Slater,Hull City,unmatched name
Matty Crooks,Hull City,unmatched name
Kieran Dowell,Hull City,unmatched name
Abdülkadir Ömür,Hull City,unmatched name
Hidemasa Morita,Hull City,unmatched name
Eliot Matazo,Hull City,unmatched name
Tim Iroegbunam,Hull City,unmatched name
Lucas Gourna-Douath,Hull City,unmatched name
Darko Gyabi,Hull City,unmatched name
Jens Hjertö-Dahl,Hull City,unmatched name
Óscar Zambrano,Hull City,unmatched name
Christos Mouzakitis,Hull City,unmatched name
Oliver McBurnie,Hull City,unmatched name
Sorba Thomas,Hull City,unmatched name
Joe Gelhardt,Hull City,unmatched name
Mohamed Ali Cho,Hull City,unmatched name
David Akintola,Hull City,unmatched name
Elliot Stroud,Hull City,unmatched name
Ilyas Ansah,Hull City,unmatched name
Robinio Vaz,Hull City,unmatched name
Mohamed Belloumi,Hull City,unmatched name
Michael Zetterer,Leeds United,unmatched name
James Trafford,Leeds United,unmatched name
Nico Elvedi,Leeds United,unmatched name
Melvin Bard,Leeds United,unmatched name
Tarik Muharemović,Leeds United,unmatched name
Harry Wilson,Leeds United,unmatched name
Mateo Fernandez,Leeds United,unmatched name
Jean Bahoya,Leeds United,unmatched name
David Button,Ipswich Town,unmatched name
Christian Walton,Ipswich Town,unmatched name
Alex Palmer,Ipswich Town,unmatched name
Kjell Scherpen,Ipswich Town,unmatched name
Darnell Furlong,Ipswich Town,unmatched name
Issa Diop,Ipswich Town,unmatched name
Cédric Kipré,Ipswich Town,unmatched name
Leif Davis,Ipswich Town,unmatched name
Jacob Greaves,Ipswich Town,unmatched name
Abdoul Ouattara,Ipswich Town,unmatched name
Azor Matusiwa,Ipswich Town,unmatched name
Exequiel Palacios,Ipswich Town,unmatched name
Saša Lukić,Ipswich Town,unmatched name
Florentino,Ipswich Town,unmatched name
Julio Enciso,Ipswich Town,unmatched name
Jack Clarke,Ipswich Town,unmatched name
Chuba Akpom,Ipswich Town,unmatched name
Daizen Maeda,Ipswich Town,unmatched name
Zian Flemming,Ipswich Town,unmatched name
Jaden Philogene-Bidace,Ipswich Town,unmatched name
Emersonn,Ipswich Town,unmatched name
Abdul Issahaku,Ipswich Town,unmatched name
Sindre Egeli,Ipswich Town,unmatched name
Steven Benda,Nottingham,unmatched name
Daniel Muñoz,Nottingham,unmatched name
Luca Netz,Nottingham,unmatched name
Jair Paula,Nottingham,unmatched name
Ousmane Diomande,Nottingham,unmatched name
Xaver Schlager,Nottingham,unmatched name
Arnaud Kalimuendo,Nottingham,unmatched name
Liam Delap,Nottingham,unmatched name
Axel Disasi,Crystal Palace,unmatched name
Ben Chilwell,Crystal Palace,unmatched name
Takehiro Tomiyasu,Crystal Palace,unmatched name
Óscar Mingueza,Crystal Palace,unmatched name
Anan Khalaili,Crystal Palace,unmatched name
Honest Ahanor,Crystal Palace,unmatched name
Quinten Timber,Crystal Palace,unmatched name
Dwight McNeil,Crystal Palace,unmatched name
Yeremi Pino,Crystal Palace,unmatched name
Matheus Franca,Crystal Palace,unmatched name
Darío Osorio,Crystal Palace,unmatched name
Jesurun Rak-Sakyi,Crystal Palace,unmatched name
Jørgen Strand Larsen,Crystal Palace,unmatched name
Zavier Gozo,Crystal Palace,unmatched name
Pascal Struijk,Brighton Hove,unmatched name
Michael Svoboda,Brighton Hove,unmatched name
Jaouen Hadjam,Brighton Hove,unmatched name
Costinha,Brighton Hove,unmatched name
Luka Vušković,Brighton Hove,unmatched name
Matt O'Riley,Brighton Hove,unmatched name
Pascal Groß,Brighton Hove,unmatched name
Chema Andrés,Brighton Hove,unmatched name
Evan Ferguson,Brighton Hove,unmatched name
Ibrahim Osman,Brighton Hove,unmatched name
Promise Akinpelu,Brighton Hove,unmatched name
Zadok Yohanna,Brighton Hove,unmatched name
El Hadji Malick Diouf,Brentford,unmatched name
Ji-soo Kim,Brentford,unmatched name
Jannik Schuster,Brentford,unmatched name
Benjamin Fredrick,Brentford,unmatched name
Mamadou Sangare,Brentford,unmatched name
Callum Wilson,Brentford,unmatched name
Jaidon Anthony,Brentford,unmatched name
Gustavo Gomes,Brentford,unmatched name
Kaye Furo,Brentford,unmatched name
Michele Di Gregorio,Bournemouth,unmatched name
Max Aarons,Bournemouth,unmatched name
Juanlu,Bournemouth,unmatched name
Antonio Silva,Bournemouth,unmatched name
Daniel Jebbison,Bournemouth,unmatched name
Ben Doak,Bournemouth,unmatched name
Alvaro Rodriguez,Bournemouth,unmatched name
Eli Kroupi,Bournemouth,unmatched name
Daniel Bentley,Coventry City,promoted-club gap (club not present in player_values.csv)
Ben Wilson,Coventry City,promoted-club gap (club not present in player_values.csv)
Carl Rushworth,Coventry City,promoted-club gap (club not present in player_values.csv)
Jake Bidwell,Coventry City,promoted-club gap (club not present in player_values.csv)
Luke Woolfenden,Coventry City,promoted-club gap (club not present in player_values.csv)
Ethan Pinnock,Coventry City,promoted-club gap (club not present in player_values.csv)
Jay Dasilva,Coventry City,promoted-club gap (club not present in player_values.csv)
Milan van Ewijk,Coventry City,promoted-club gap (club not present in player_values.csv)
Joel Latibeaudiere,Coventry City,promoted-club gap (club not present in player_values.csv)
Bobby Thomas,Coventry City,promoted-club gap (club not present in player_values.csv)
Aurele Amenda,Coventry City,promoted-club gap (club not present in player_values.csv)
Kaine Kesler,Coventry City,promoted-club gap (club not present in player_values.csv)
Stephen Mfuni,Coventry City,promoted-club gap (club not present in player_values.csv)
Matt Grimes,Coventry City,promoted-club gap (club not present in player_values.csv)
Gustavo Hamer,Coventry City,promoted-club gap (club not present in player_values.csv)
Victor Torp,Coventry City,promoted-club gap (club not present in player_values.csv)
Frank Onyeka,Coventry City,promoted-club gap (club not present in player_values.csv)
Josh Eccles,Coventry City,promoted-club gap (club not present in player_values.csv)
Jack Rudoni,Coventry City,promoted-club gap (club not present in player_values.csv)
Caleb Yirenkyi,Coventry City,promoted-club gap (club not present in player_values.csv)
Ephron Mason-Clark,Coventry City,promoted-club gap (club not present in player_values.csv)
Brandon Thomas-Asante,Coventry City,promoted-club gap (club not present in player_values.csv)
Taiwo Awoniyi,Coventry City,promoted-club gap (club not present in player_values.csv)
Haji Wright,Coventry City,promoted-club gap (club not present in player_values.csv)
Tatsuhiro Sakamoto,Coventry City,promoted-club gap (club not present in player_values.csv)
Ellis Simms,Coventry City,promoted-club gap (club not present in player_values.csv)
Loum Tchaouna,Coventry City,promoted-club gap (club not present in player_values.csv)
Sidiki Cherif,Coventry City,promoted-club gap (club not present in player_values.csv)
Tom Heaton,Man United,"low-value outlier, distorts target skew"
Mark Gillespie,Newcastle,"low-value outlier, distorts target skew"
Simon Moore,Sunderland,"low-value outlier, distorts target skew"
Alex Cairns,Leeds United,"low-value outlier, distorts target skew"
Remi Matthews,Crystal Palace,"low-value outlier, distorts target skew"
Thomas King,Everton,"low-value outlier, distorts target skew"
